<?xml version="1.0" encoding="utf-8"?>
<odoo>

    <data noupdate="1">
        <record id="purchase_request_email_template" model="mail.template">
            <field name="name">Purchase Request Email</field>
            <field name="model_id" ref="task.model_purchase_request"/>
            <field name="email_from">${object.requested_by.email_formatted |safe}</field>
            <field name="email_to">${object.requested_by.login}</field>
            <field name="subject">Purchase Request</field>
            <field name="body_html" type="html">
                <div style="margin: 0px; padding: 0px;">
                    <p style="margin: 0px; padding: 0px; font-size: 13px;">
                        Purchase Request (${object.request_name}) has been approved
                    </p>
                </div>
            </field>

        </record>
    </data>

</odoo>
