<?xml version="1.0" encoding="UTF-8"?>
<odoo>
    <data>
        <record model="openacademy.course" id="course0">
            <field name="name">Course 0</field>
            <field name="description">Course 0's description</field>
        </record>

        <record model="openacademy.course" id="course1">
            <field name="name">Course 1</field>
        </record>

        <record model="openacademy.course" id="course2">
            <field name="name">Course 2</field>
            <field name="description">Course 2's description</field>
        </record>
    </data>
</odoo>

